[
  {
    "id": 1,
    "production": "Some Production 1",
    "price": ""
  },
  {
    "id": 2,
    "production": "Some Production 2",
    "price": ""
  },
  {
    "id": 3,
    "production": "Some Production 3",
    "price": ""
  },
  {
    "id": 4,
    "production": "Some Production 4",
    "price": ""
  },
  {
    "id": 5,
    "production": "Some Production 5",
    "price": ""
  },
  {
    "id": 6,
    "production": "Some Production  6",
    "price": ""
  },
  {
    "id": 7,
    "production": "Some Production 7",
    "price": ""
  }
]
