[
  {
    "week": 35,
    "region": "Північ",
    "city": "Київ",
    "codeTT": "Код ТТ",
    "titleTT": "Назва ТТ",
    "addressTT": "Адреса ТТ",
    "supervisor": "Петренко",
    "consultant": "Дядченко",
    "workDate": "Monday, July 13, 2015 7:43 AM",
    "workTime": "8",
    "workHours": "10",
    "cph": "CPH",
    "marvelKsSGeneralContracts": "Загальні контакти з курцями",
    "marvelKsSInfoContractsMarvel": "Інфо контакти з курцями марок компанії Marvel-ITG",
    "marvelKsSInfoContractsOther": "Інфо контакти з курцями марок інших компаній",
    "marvelKsSResultContractsOther": "Результативні контакти з курцями марок інших компаній",
    "generalContracts": "Загальні контакти з курцями",
    "infoContractsMarvel": "Інфо контакти з курцями марок компанії Marvel-ITG",
    "infoContractsOther": "Інфо контакти з курцями марок інших компаній",
    "resultContractsOther": "Результативні контакти з курцями марок інших компаній",
    "marvelKsGeneralContracts": "Загальні контакти з курцями",
    "marvelKsInfoContractsMarvel": "Інфо контакти з курцями марок компанії Marvel-ITG",
    "marvelKsInfoContractsOther": "Інфо контакти з курцями марок інших компаній",
    "marvelKsResultContractsOther": "Результативні контакти з курцями марок інших компаній"
  },
  {
    "week": 36,
    "region": "Південь",
    "city": "Херсон",
    "codeTT": "Код ТТ",
    "titleTT": "Назва ТТ",
    "addressTT": "Адреса ТТ",
    "supervisor": "Геляровська",
    "consultant": "Литвин",
    "workDate": "Monday, July 13, 2015 7:43 AM",
    "workTime": "8",
    "workHours": "10",
    "cph": "CPH",
    "marvelKsSGeneralContracts": "Загальні контакти з курцями",
    "marvelKsSInfoContractsMarvel": "Інфо контакти з курцями марок компанії Marvel-ITG",
    "marvelKsSInfoContractsOther": "Інфо контакти з курцями марок інших компаній",
    "marvelKsSResultContractsOther": "Результативні контакти з курцями марок інших компаній",
    "generalContracts": "Загальні контакти з курцями",
    "infoContractsMarvel": "Інфо контакти з курцями марок компанії Marvel-ITG",
    "infoContractsOther": "Інфо контакти з курцями марок інших компаній",
    "resultContractsOther": "Результативні контакти з курцями марок інших компаній",
    "marvelKsGeneralContracts": "Загальні контакти з курцями",
    "marvelKsInfoContractsMarvel": "Інфо контакти з курцями марок компанії Marvel-ITG",
    "marvelKsInfoContractsOther": "Інфо контакти з курцями марок інших компаній",
    "marvelKsResultContractsOther": "Результативні контакти з курцями марок інших компаній"
  },
  {
    "week": 37,
    "region": "Захід",
    "city": "Рівне",
    "codeTT": "Код ТТ",
    "titleTT": "Назва ТТ",
    "addressTT": "Адреса ТТ",
    "supervisor": "Губка",
    "consultant": "Корінець",
    "workDate": "Monday, July 13, 2015 7:43 AM",
    "workTime": "8",
    "workHours": "10",
    "cph": "CPH",
    "marvelKsSGeneralContracts": "Загальні контакти з курцями",
    "marvelKsSInfoContractsMarvel": "Інфо контакти з курцями марок компанії Marvel-ITG",
    "marvelKsSInfoContractsOther": "Інфо контакти з курцями марок інших компаній",
    "marvelKsSResultContractsOther": "Результативні контакти з курцями марок інших компаній",
    "generalContracts": "Загальні контакти з курцями",
    "infoContractsMarvel": "Інфо контакти з курцями марок компанії Marvel-ITG",
    "infoContractsOther": "Інфо контакти з курцями марок інших компаній",
    "resultContractsOther": "Результативні контакти з курцями марок інших компаній",
    "marvelKsGeneralContracts": "Загальні контакти з курцями",
    "marvelKsInfoContractsMarvel": "Інфо контакти з курцями марок компанії Marvel-ITG",
    "marvelKsInfoContractsOther": "Інфо контакти з курцями марок інших компаній",
    "marvelKsResultContractsOther": "Результативні контакти з курцями марок інших компаній"
  }
]
