[
  {
    "week": 35,
    "region": "Північ",
    "city": "Київ",
    "codeTT": "Код ТТ",
    "titleTT": "Назва ТТ",
    "addressTT": "Адреса ТТ",
    "supervisor": "Петренко",
    "consultant": "Дядченко",
    "workDate": "Monday, July 13, 2015 7:43 AM",
    "contactTime": "7:43 AM",
    "question1": "Чи ви курите марку сигарет компанії Marvel-ITG?",
    "question2": "Яку марку сигарет компаії Marvel-ITG Ви курите?",
    "question3": "Яка марка сигарет компанії Marvel-ITG була презентована?",
    "question4": "Чи була проведена додаткова активність?",
    "question5": "Чи купив споживач марку сигарет компанії Marvel-ITG?",
    "question6": "Яку марку сигарет купив споживач?",
    "question7": "Яку марку сигарет Ви курите?",
    "question8": "Яка марка сигарет компанії Marvel-ITG була презентована?",
    "question9": "Чи була проведена додаткова активність?",
    "question10": "Чи купив споживач марку сигарет компанії Marvel-ITG?",
    "question11": "Яку марку сигарет купив споживач?"
  },
  {
    "week": 36,
    "region": "Південь",
    "city": "Херсон",
    "codeTT": "Код ТТ",
    "titleTT": "Назва ТТ",
    "addressTT": "Адреса ТТ",
    "supervisor": "Геляровська",
    "consultant": "Литвин",
    "workDate": "Monday, July 13, 2015 7:43 AM",
    "contactTime": "7:43 AM",
    "question1": "Чи ви курите марку сигарет компанії Marvel-ITG?",
    "question2": "Яку марку сигарет компаії Marvel-ITG Ви курите?",
    "question3": "Яка марка сигарет компанії Marvel-ITG була презентована?",
    "question4": "Чи була проведена додаткова активність?",
    "question5": "Чи купив споживач марку сигарет компанії Marvel-ITG?",
    "question6": "Яку марку сигарет купив споживач?",
    "question7": "Яку марку сигарет Ви курите?",
    "question8": "Яка марка сигарет компанії Marvel-ITG була презентована?",
    "question9": "Чи була проведена додаткова активність?",
    "question10": "Чи купив споживач марку сигарет компанії Marvel-ITG?",
    "question11": "Яку марку сигарет купив споживач?"
  },
  {
    "week": 37,
    "region": "Захід",
    "city": "Рівне",
    "codeTT": "Код ТТ",
    "titleTT": "Назва ТТ",
    "addressTT": "Адреса ТТ",
    "supervisor": "Губка",
    "consultant": "Корінець",
    "workDate": "Monday, July 13, 2015 7:43 AM",
    "contactTime": "7:43 AM",
    "question1": "Чи ви курите марку сигарет компанії Marvel-ITG?",
    "question2": "Яку марку сигарет компаії Marvel-ITG Ви курите?",
    "question3": "Яка марка сигарет компанії Marvel-ITG була презентована?",
    "question4": "Чи була проведена додаткова активність?",
    "question5": "Чи купив споживач марку сигарет компанії Marvel-ITG?",
    "question6": "Яку марку сигарет купив споживач?",
    "question7": "Яку марку сигарет Ви курите?",
    "question8": "Яка марка сигарет компанії Marvel-ITG була презентована?",
    "question9": "Чи була проведена додаткова активність?",
    "question10": "Чи купив споживач марку сигарет компанії Marvel-ITG?",
    "question11": "Яку марку сигарет купив споживач?"
  }
]
