[
  {
    "id": 1,
    "lastName": "Коваль",
    "firstName": "Максим",
    "middleName": "Володимирович",
    "phone": "+380666090854",
    "posCode": "123321",
    "city": "Полтава",
    "taskType": "3",
    "taskTitle": "Нове тестове завдання",
    "taskDescription": "some long or not description for task some long or not description for task some long or not description for task",
    "questions": [
      {
        "title": "К структурным компонентам клетки относятся:",
        "answers": [
          { "answer": "Ядро", "correct": true },
          { "answer": "цитоплазма", "correct": true },
          { "answer": "поверхностный комплекс", "correct": true },
          { "answer": "органеллы", "correct": false }
        ],
        "photo": [
          {
            "imageUrl": "http://erokina.volsk-sch11.edusite.ru/images/1.png"
          },
          { "imageUrl": "https://cdn.pixabay.com/photo/2018/10/30/16/06/water-lily-3784022__340.jpg" },
          { "imageUrl": "https://www.gettyimages.com/gi-resources/images/500px/983794168.jpg" }
        ]
      },
      {
        "title": "Биологическая мембрана, покрывающая клетку, называется:",
        "answers": [{ "answer": "Плазмалемма", "correct": true }]
      },
      {
        "title": "Часть эукариотической клетки, в которой хранится основная наследственная информация, называется:",
        "photo": [{ "imageUrl": "https://www.gettyimages.co.uk/gi-resources/images/Embed/new/embed2.jpg" }],
        "answers": [{ "answer": "Ядрышко (нуклеолонема)", "correct": false }]
      }
    ],
    "bonusPointsReward": 20
  },
  {
    "id": 2,
    "lastName": "Лев",
    "firstName": "Роман",
    "middleName": "Максимович",
    "phone": "+380666090854",
    "posCode": "123321",
    "city": "Полтава",
    "taskType": "2",
    "taskTitle": "Нове завдання фольга",
    "taskDescription": "some long or not description for task",
    "bonusPointsRewardFoil": 10,
    "numberOfEarnedPoints": 1000,
    "numberOfGatheredFoil": 100
  },
  {
    "id": 3,
    "lastName": "Коваль",
    "firstName": "Богдан",
    "middleName": "Глебович",
    "phone": "+380666090854",
    "posCode": "123321",
    "city": "Полтава",
    "taskType": "5",
    "taskTitle": "Нове завдання анкета",
    "taskDescription": "some long or not description for task",
    "bonusPointsReward": 20,
    "withCounts": true,
    "answer": [
      { "sku": "some sku1", "count": 200 },
      { "sku": "some sku2", "count": 100 },
      { "sku": "some sku3", "count": 500 }
    ]
  }
]
