[
  {
    "supervisor": "Фіалко",
    "regionalManager": "Лимар",
    "region": "Північ",
    "city": "Чернігів",
    "planPermanentHeadquarters": 52,
    "planReserve": 62,
    "factPermanentHeadquarters": 45,
    "factReserve": 13
  },
  {
    "supervisor": "Шаповалов",
    "regionalManager": "Гаврилюк",
    "region": "Південь",
    "city": "Одеса",
    "planPermanentHeadquarters": 72,
    "planReserve": 48,
    "factPermanentHeadquarters": 26,
    "factReserve": 64
  },
  {
    "supervisor": "Гончар",
    "regionalManager": "Дяченко",
    "region": "Схід",
    "city": "Полтава",
    "planPermanentHeadquarters": 54,
    "planReserve": 42,
    "factPermanentHeadquarters": 53,
    "factReserve": 50
  }
]
