[
  {
    "week": 35,
    "region": "Північ",
    "city": "Київ",
    "codeTT": "Код ТТ",
    "titleTT": "Назва ТТ",
    "addressTT": "Адреса ТТ",
    "supervisor": "Петренко",
    "consultant": "Дядченко",
    "workDate": "Monday, July 13, 2015 7:43 AM",
    "workTime": "8",
    "workHours": "10",
    "cph": "CPH",
    "presentedBrandTP": "Бренд,який будо презентовано ТП",
    "presentationOfTradingPrograms": "Презентація Торгової програми"
  },
  {
    "week": 36,
    "region": "Південь",
    "city": "Херсон",
    "codeTT": "Код ТТ",
    "titleTT": "Назва ТТ",
    "addressTT": "Адреса ТТ",
    "supervisor": "Геляровська",
    "consultant": "Литвин",
    "workDate": "Monday, July 13, 2015 7:43 AM",
    "workTime": "8",
    "workHours": "10",
    "cph": "CPH",
    "presentedBrandTP": "Бренд,який будо презентовано ТП",
    "presentationOfTradingPrograms": "Презентація Торгової програми"
  },
  {
    "week": 37,
    "region": "Північ",
    "city": " Чернігів",
    "codeTT": "Код ТТ",
    "titleTT": "Назва ТТ",
    "addressTT": "Адреса ТТ",
    "supervisor": "Романчук",
    "consultant": "Сіренко",
    "workDate": "Monday, July 13, 2015 7:43 AM",
    "workTime": "8",
    "workHours": "10",
    "cph": "CPH",
    "presentedBrandTP": "Бренд,який будо презентовано ТП",
    "presentationOfTradingPrograms": "Презентація Торгової програми"
  },
  {
    "week": 38,
    "region": "Схід",
    "city": "Суми",
    "codeTT": "Код ТТ",
    "titleTT": "Назва ТТ",
    "addressTT": "Адреса ТТ",
    "supervisor": "Горбулич",
    "consultant": "Леонтович",
    "workDate": "Monday, July 13, 2015 7:43 AM",
    "workTime": "8",
    "workHours": "10",
    "cph": "CPH",
    "presentedBrandTP": "Бренд,який будо презентовано ТП",
    "presentationOfTradingPrograms": "Презентація Торгової програми"
  }
]
