[
  {
    "id": "347",
    "firstName": "Іван",
    "middleName": "Павлович",
    "lastName": "Лисиця",
    "phone": "+380937776655",
    "lastActiveDate": 1549962916000,
    "birthday": 1549962916000,
    "gender": 2,
    "posId": "34567",
    "shopName": "Назва ТТ",
    "address": "Brewster 75623",
    "netName": "Назва мережі",
    "netId": "75t2673",
    "startAppDate": 1549962916000,
    "salesRepresentative": {
      "firstName": "Дмитро",
      "middleName": "Олексійович",
      "lastName": "Морозов"
    },
    "region": "Північ",
    "city": "Харкiв"
  },
  {
    "id": "345",
    "firstName": "Дмитро",
    "middleName": "Олексійович",
    "lastName": "Морозов",
    "phone": "+380665930253",
    "lastActiveDate": 1549962916000,
    "birthday": 1549962916000,
    "gender": 2,
    "posId": "346437",
    "shopName": "Назва ТТ",
    "address": "Brewster 75623",
    "netName": "Назва мережі",
    "netId": "h43435g",
    "startAppDate": 1549962916000,
    "salesRepresentative": {
      "firstName": "Ростислав",
      "middleName": "Миронович",
      "lastName": "Дух"
    },
    "region": "Північ",
    "city": "Харкiв"
  },
  {
    "id": "342",
    "firstName": "Юлія",
    "middleName": "Іванівна",
    "lastName": "Морозова",
    "phone": "+380937776655",
    "lastActiveDate": 1549962916000,
    "birthday": 1549962916000,
    "gender": 2,
    "posId": "345657",
    "shopName": "Назва ТТ",
    "address": "Brewster 75623",
    "netName": "Назва мережі",
    "netId": "75t2673",
    "startAppDate": 1549962916000,
    "salesRepresentative": {
      "firstName": "Дмитро",
      "middleName": "Олексійович",
      "lastName": "Морозов"
    },
    "region": "Північ",
    "city": "Харкiв"
  }
]
